state,state_code,latitude,longitude,date,infected_count
Alabama,AL,32.3182,-86.9023,2020-03-01,0
Alabama,AL,32.3182,-86.9023,2020-03-02,0
Alabama,AL,32.3182,-86.9023,2020-03-03,0
Alabama,AL,32.3182,-86.9023,2020-03-04,0
Alabama,AL,32.3182,-86.9023,2020-03-05,0
Alabama,AL,32.3182,-86.9023,2020-03-06,0
Alabama,AL,32.3182,-86.9023,2020-03-07,0
Alabama,AL,32.3182,-86.9023,2020-03-08,0
Alabama,AL,32.3182,-86.9023,2020-03-09,0
Alabama,AL,32.3182,-86.9023,2020-03-10,0
Alabama,AL,32.3182,-86.9023,2020-03-11,0
Alabama,AL,32.3182,-86.9023,2020-03-12,0
Alabama,AL,32.3182,-86.9023,2020-03-13,5
Alabama,AL,32.3182,-86.9023,2020-03-14,6
Alabama,AL,32.3182,-86.9023,2020-03-15,12
Alabama,AL,32.3182,-86.9023,2020-03-16,29
Alabama,AL,32.3182,-86.9023,2020-03-17,39
Alabama,AL,32.3182,-86.9023,2020-03-18,46
Alabama,AL,32.3182,-86.9023,2020-03-19,78
Alabama,AL,32.3182,-86.9023,2020-03-20,83
Alabama,AL,32.3182,-86.9023,2020-03-21,131
Alabama,AL,32.3182,-86.9023,2020-03-22,138
Alabama,AL,32.3182,-86.9023,2020-03-23,138
Alaska,AK,61.3707,-152.4044,2020-03-01,0
Alaska,AK,61.3707,-152.4044,2020-03-02,0
Alaska,AK,61.3707,-152.4044,2020-03-03,0
Alaska,AK,61.3707,-152.4044,2020-03-04,0
Alaska,AK,61.3707,-152.4044,2020-03-05,0
Alaska,AK,61.3707,-152.4044,2020-03-06,0
Alaska,AK,61.3707,-152.4044,2020-03-07,0
Alaska,AK,61.3707,-152.4044,2020-03-08,0
Alaska,AK,61.3707,-152.4044,2020-03-09,0
Alaska,AK,61.3707,-152.4044,2020-03-10,0
Alaska,AK,61.3707,-152.4044,2020-03-11,0
Alaska,AK,61.3707,-152.4044,2020-03-12,0
Alaska,AK,61.3707,-152.4044,2020-03-13,1
Alaska,AK,61.3707,-152.4044,2020-03-14,1
Alaska,AK,61.3707,-152.4044,2020-03-15,1
Alaska,AK,61.3707,-152.4044,2020-03-16,1
Alaska,AK,61.3707,-152.4044,2020-03-17,3
Alaska,AK,61.3707,-152.4044,2020-03-18,6
Alaska,AK,61.3707,-152.4044,2020-03-19,9
Alaska,AK,61.3707,-152.4044,2020-03-20,12
Alaska,AK,61.3707,-152.4044,2020-03-21,15
Alaska,AK,61.3707,-152.4044,2020-03-22,21
Alaska,AK,61.3707,-152.4044,2020-03-23,21
Arizona,AZ,33.7298,-111.4312,2020-03-01,0
Arizona,AZ,33.7298,-111.4312,2020-03-02,0
Arizona,AZ,33.7298,-111.4312,2020-03-03,0
Arizona,AZ,33.7298,-111.4312,2020-03-04,0
Arizona,AZ,33.7298,-111.4312,2020-03-05,0
Arizona,AZ,33.7298,-111.4312,2020-03-06,0
Arizona,AZ,33.7298,-111.4312,2020-03-07,0
Arizona,AZ,33.7298,-111.4312,2020-03-08,0
Arizona,AZ,33.7298,-111.4312,2020-03-09,0
Arizona,AZ,33.7298,-111.4312,2020-03-10,6
Arizona,AZ,33.7298,-111.4312,2020-03-11,9
Arizona,AZ,33.7298,-111.4312,2020-03-12,9
Arizona,AZ,33.7298,-111.4312,2020-03-13,9
Arizona,AZ,33.7298,-111.4312,2020-03-14,12
Arizona,AZ,33.7298,-111.4312,2020-03-15,13
Arizona,AZ,33.7298,-111.4312,2020-03-16,18
Arizona,AZ,33.7298,-111.4312,2020-03-17,20
Arizona,AZ,33.7298,-111.4312,2020-03-18,27
Arizona,AZ,33.7298,-111.4312,2020-03-19,45
Arizona,AZ,33.7298,-111.4312,2020-03-20,78
Arizona,AZ,33.7298,-111.4312,2020-03-21,118
Arizona,AZ,33.7298,-111.4312,2020-03-22,152
Arizona,AZ,33.7298,-111.4312,2020-03-23,152
Arkansas,AR,34.9697,-92.3731,2020-03-01,0
Arkansas,AR,34.9697,-92.3731,2020-03-02,0
Arkansas,AR,34.9697,-92.3731,2020-03-03,0
Arkansas,AR,34.9697,-92.3731,2020-03-04,0
Arkansas,AR,34.9697,-92.3731,2020-03-05,0
Arkansas,AR,34.9697,-92.3731,2020-03-06,0
Arkansas,AR,34.9697,-92.3731,2020-03-07,0
Arkansas,AR,34.9697,-92.3731,2020-03-08,0
Arkansas,AR,34.9697,-92.3731,2020-03-09,0
Arkansas,AR,34.9697,-92.3731,2020-03-10,0
Arkansas,AR,34.9697,-92.3731,2020-03-11,1
Arkansas,AR,34.9697,-92.3731,2020-03-12,6
Arkansas,AR,34.9697,-92.3731,2020-03-13,6
Arkansas,AR,34.9697,-92.3731,2020-03-14,12
Arkansas,AR,34.9697,-92.3731,2020-03-15,16
Arkansas,AR,34.9697,-92.3731,2020-03-16,22
Arkansas,AR,34.9697,-92.3731,2020-03-17,22
Arkansas,AR,34.9697,-92.3731,2020-03-18,33
Arkansas,AR,34.9697,-92.3731,2020-03-19,62
Arkansas,AR,34.9697,-92.3731,2020-03-20,96
Arkansas,AR,34.9697,-92.3731,2020-03-21,122
Arkansas,AR,34.9697,-92.3731,2020-03-22,165
Arkansas,AR,34.9697,-92.3731,2020-03-23,165
California,CA,36.1162,-119.6816,2020-03-01,0
California,CA,36.1162,-119.6816,2020-03-02,0
California,CA,36.1162,-119.6816,2020-03-03,0
California,CA,36.1162,-119.6816,2020-03-04,0
California,CA,36.1162,-119.6816,2020-03-05,0
California,CA,36.1162,-119.6816,2020-03-06,0
California,CA,36.1162,-119.6816,2020-03-07,0
California,CA,36.1162,-119.6816,2020-03-08,0
California,CA,36.1162,-119.6816,2020-03-09,0
California,CA,36.1162,-119.6816,2020-03-10,144
California,CA,36.1162,-119.6816,2020-03-11,177
California,CA,36.1162,-119.6816,2020-03-12,221
California,CA,36.1162,-119.6816,2020-03-13,282
California,CA,36.1162,-119.6816,2020-03-14,340
California,CA,36.1162,-119.6816,2020-03-15,426
California,CA,36.1162,-119.6816,2020-03-16,557
California,CA,36.1162,-119.6816,2020-03-17,698
California,CA,36.1162,-119.6816,2020-03-18,751
California,CA,36.1162,-119.6816,2020-03-19,952
California,CA,36.1162,-119.6816,2020-03-20,1177
California,CA,36.1162,-119.6816,2020-03-21,1364
California,CA,36.1162,-119.6816,2020-03-22,1642
California,CA,36.1162,-119.6816,2020-03-23,1642
Colorado,CO,39.0598,-105.3111,2020-03-01,0
Colorado,CO,39.0598,-105.3111,2020-03-02,0
Colorado,CO,39.0598,-105.3111,2020-03-03,0
Colorado,CO,39.0598,-105.3111,2020-03-04,0
Colorado,CO,39.0598,-105.3111,2020-03-05,0
Colorado,CO,39.0598,-105.3111,2020-03-06,0
Colorado,CO,39.0598,-105.3111,2020-03-07,0
Colorado,CO,39.0598,-105.3111,2020-03-08,0
Colorado,CO,39.0598,-105.3111,2020-03-09,0
Colorado,CO,39.0598,-105.3111,2020-03-10,15
Colorado,CO,39.0598,-105.3111,2020-03-11,34
Colorado,CO,39.0598,-105.3111,2020-03-12,45
Colorado,CO,39.0598,-105.3111,2020-03-13,49
Colorado,CO,39.0598,-105.3111,2020-03-14,101
Colorado,CO,39.0598,-105.3111,2020-03-15,131
Colorado,CO,39.0598,-105.3111,2020-03-16,160
Colorado,CO,39.0598,-105.3111,2020-03-17,160
Colorado,CO,39.0598,-105.3111,2020-03-18,184
Colorado,CO,39.0598,-105.3111,2020-03-19,277
Colorado,CO,39.0598,-105.3111,2020-03-20,363
Colorado,CO,39.0598,-105.3111,2020-03-21,390
Colorado,CO,39.0598,-105.3111,2020-03-22,476
Colorado,CO,39.0598,-105.3111,2020-03-23,476
Connecticut,CT,41.5978,-72.7554,2020-03-01,0
Connecticut,CT,41.5978,-72.7554,2020-03-02,0
Connecticut,CT,41.5978,-72.7554,2020-03-03,0
Connecticut,CT,41.5978,-72.7554,2020-03-04,0
Connecticut,CT,41.5978,-72.7554,2020-03-05,0
Connecticut,CT,41.5978,-72.7554,2020-03-06,0
Connecticut,CT,41.5978,-72.7554,2020-03-07,0
Connecticut,CT,41.5978,-72.7554,2020-03-08,0
Connecticut,CT,41.5978,-72.7554,2020-03-09,0
Connecticut,CT,41.5978,-72.7554,2020-03-10,2
Connecticut,CT,41.5978,-72.7554,2020-03-11,3
Connecticut,CT,41.5978,-72.7554,2020-03-12,5
Connecticut,CT,41.5978,-72.7554,2020-03-13,11
Connecticut,CT,41.5978,-72.7554,2020-03-14,22
Connecticut,CT,41.5978,-72.7554,2020-03-15,24
Connecticut,CT,41.5978,-72.7554,2020-03-16,30
Connecticut,CT,41.5978,-72.7554,2020-03-17,68
Connecticut,CT,41.5978,-72.7554,2020-03-18,68
Connecticut,CT,41.5978,-72.7554,2020-03-19,159
Connecticut,CT,41.5978,-72.7554,2020-03-20,194
Connecticut,CT,41.5978,-72.7554,2020-03-21,194
Connecticut,CT,41.5978,-72.7554,2020-03-22,223
Connecticut,CT,41.5978,-72.7554,2020-03-23,223
Delaware,DE,39.3185,-75.5071,2020-03-01,0
Delaware,DE,39.3185,-75.5071,2020-03-02,0
Delaware,DE,39.3185,-75.5071,2020-03-03,0
Delaware,DE,39.3185,-75.5071,2020-03-04,0
Delaware,DE,39.3185,-75.5071,2020-03-05,0
Delaware,DE,39.3185,-75.5071,2020-03-06,0
Delaware,DE,39.3185,-75.5071,2020-03-07,0
Delaware,DE,39.3185,-75.5071,2020-03-08,0
Delaware,DE,39.3185,-75.5071,2020-03-09,0
Delaware,DE,39.3185,-75.5071,2020-03-10,0
Delaware,DE,39.3185,-75.5071,2020-03-11,1
Delaware,DE,39.3185,-75.5071,2020-03-12,1
Delaware,DE,39.3185,-75.5071,2020-03-13,4
Delaware,DE,39.3185,-75.5071,2020-03-14,6
Delaware,DE,39.3185,-75.5071,2020-03-15,7
Delaware,DE,39.3185,-75.5071,2020-03-16,8
Delaware,DE,39.3185,-75.5071,2020-03-17,16
Delaware,DE,39.3185,-75.5071,2020-03-18,19
Delaware,DE,39.3185,-75.5071,2020-03-19,30
Delaware,DE,39.3185,-75.5071,2020-03-20,38
Delaware,DE,39.3185,-75.5071,2020-03-21,45
Delaware,DE,39.3185,-75.5071,2020-03-22,47
Delaware,DE,39.3185,-75.5071,2020-03-23,47
District of Columbia,DC,38.8974,-77.0268,2020-03-01,0
District of Columbia,DC,38.8974,-77.0268,2020-03-02,0
District of Columbia,DC,38.8974,-77.0268,2020-03-03,0
District of Columbia,DC,38.8974,-77.0268,2020-03-04,0
District of Columbia,DC,38.8974,-77.0268,2020-03-05,0
District of Columbia,DC,38.8974,-77.0268,2020-03-06,0
District of Columbia,DC,38.8974,-77.0268,2020-03-07,0
District of Columbia,DC,38.8974,-77.0268,2020-03-08,0
District of Columbia,DC,38.8974,-77.0268,2020-03-09,0
District of Columbia,DC,38.8974,-77.0268,2020-03-10,5
District of Columbia,DC,38.8974,-77.0268,2020-03-11,10
District of Columbia,DC,38.8974,-77.0268,2020-03-12,10
District of Columbia,DC,38.8974,-77.0268,2020-03-13,10
District of Columbia,DC,38.8974,-77.0268,2020-03-14,10
District of Columbia,DC,38.8974,-77.0268,2020-03-15,16
District of Columbia,DC,38.8974,-77.0268,2020-03-16,22
District of Columbia,DC,38.8974,-77.0268,2020-03-17,22
District of Columbia,DC,38.8974,-77.0268,2020-03-18,31
District of Columbia,DC,38.8974,-77.0268,2020-03-19,40
District of Columbia,DC,38.8974,-77.0268,2020-03-20,71
District of Columbia,DC,38.8974,-77.0268,2020-03-21,77
District of Columbia,DC,38.8974,-77.0268,2020-03-22,102
District of Columbia,DC,38.8974,-77.0268,2020-03-23,102
Florida,FL,27.7663,-81.6868,2020-03-01,0
Florida,FL,27.7663,-81.6868,2020-03-02,0
Florida,FL,27.7663,-81.6868,2020-03-03,0
Florida,FL,27.7663,-81.6868,2020-03-04,0
Florida,FL,27.7663,-81.6868,2020-03-05,0
Florida,FL,27.7663,-81.6868,2020-03-06,0
Florida,FL,27.7663,-81.6868,2020-03-07,0
Florida,FL,27.7663,-81.6868,2020-03-08,0
Florida,FL,27.7663,-81.6868,2020-03-09,0
Florida,FL,27.7663,-81.6868,2020-03-10,15
Florida,FL,27.7663,-81.6868,2020-03-11,28
Florida,FL,27.7663,-81.6868,2020-03-12,35
Florida,FL,27.7663,-81.6868,2020-03-13,50
Florida,FL,27.7663,-81.6868,2020-03-14,76
Florida,FL,27.7663,-81.6868,2020-03-15,115
Florida,FL,27.7663,-81.6868,2020-03-16,155
Florida,FL,27.7663,-81.6868,2020-03-17,216
Florida,FL,27.7663,-81.6868,2020-03-18,314
Florida,FL,27.7663,-81.6868,2020-03-19,417
Florida,FL,27.7663,-81.6868,2020-03-20,563
Florida,FL,27.7663,-81.6868,2020-03-21,659
Florida,FL,27.7663,-81.6868,2020-03-22,830
Florida,FL,27.7663,-81.6868,2020-03-23,830
Georgia,GA,33.0406,-83.6431,2020-03-01,0
Georgia,GA,33.0406,-83.6431,2020-03-02,0
Georgia,GA,33.0406,-83.6431,2020-03-03,0
Georgia,GA,33.0406,-83.6431,2020-03-04,0
Georgia,GA,33.0406,-83.6431,2020-03-05,0
Georgia,GA,33.0406,-83.6431,2020-03-06,0
Georgia,GA,33.0406,-83.6431,2020-03-07,0
Georgia,GA,33.0406,-83.6431,2020-03-08,0
Georgia,GA,33.0406,-83.6431,2020-03-09,0
Georgia,GA,33.0406,-83.6431,2020-03-10,17
Georgia,GA,33.0406,-83.6431,2020-03-11,23
Georgia,GA,33.0406,-83.6431,2020-03-12,31
Georgia,GA,33.0406,-83.6431,2020-03-13,42
Georgia,GA,33.0406,-83.6431,2020-03-14,66
Georgia,GA,33.0406,-83.6431,2020-03-15,99
Georgia,GA,33.0406,-83.6431,2020-03-16,121
Georgia,GA,33.0406,-83.6431,2020-03-17,146
Georgia,GA,33.0406,-83.6431,2020-03-18,199
Georgia,GA,33.0406,-83.6431,2020-03-19,287
Georgia,GA,33.0406,-83.6431,2020-03-20,420
Georgia,GA,33.0406,-83.6431,2020-03-21,507
Georgia,GA,33.0406,-83.6431,2020-03-22,600
Georgia,GA,33.0406,-83.6431,2020-03-23,600
Hawaii,HI,21.0943,-157.4983,2020-03-01,0
Hawaii,HI,21.0943,-157.4983,2020-03-02,0
Hawaii,HI,21.0943,-157.4983,2020-03-03,0
Hawaii,HI,21.0943,-157.4983,2020-03-04,0
Hawaii,HI,21.0943,-157.4983,2020-03-05,0
Hawaii,HI,21.0943,-157.4983,2020-03-06,0
Hawaii,HI,21.0943,-157.4983,2020-03-07,0
Hawaii,HI,21.0943,-157.4983,2020-03-08,0
Hawaii,HI,21.0943,-157.4983,2020-03-09,0
Hawaii,HI,21.0943,-157.4983,2020-03-10,2
Hawaii,HI,21.0943,-157.4983,2020-03-11,2
Hawaii,HI,21.0943,-157.4983,2020-03-12,2
Hawaii,HI,21.0943,-157.4983,2020-03-13,2
Hawaii,HI,21.0943,-157.4983,2020-03-14,4
Hawaii,HI,21.0943,-157.4983,2020-03-15,6
Hawaii,HI,21.0943,-157.4983,2020-03-16,7
Hawaii,HI,21.0943,-157.4983,2020-03-17,10
Hawaii,HI,21.0943,-157.4983,2020-03-18,14
Hawaii,HI,21.0943,-157.4983,2020-03-19,16
Hawaii,HI,21.0943,-157.4983,2020-03-20,26
Hawaii,HI,21.0943,-157.4983,2020-03-21,37
Hawaii,HI,21.0943,-157.4983,2020-03-22,48
Hawaii,HI,21.0943,-157.4983,2020-03-23,48
Idaho,ID,44.2405,-114.4788,2020-03-01,0
Idaho,ID,44.2405,-114.4788,2020-03-02,0
Idaho,ID,44.2405,-114.4788,2020-03-03,0
Idaho,ID,44.2405,-114.4788,2020-03-04,0
Idaho,ID,44.2405,-114.4788,2020-03-05,0
Idaho,ID,44.2405,-114.4788,2020-03-06,0
Idaho,ID,44.2405,-114.4788,2020-03-07,0
Idaho,ID,44.2405,-114.4788,2020-03-08,0
Idaho,ID,44.2405,-114.4788,2020-03-09,0
Idaho,ID,44.2405,-114.4788,2020-03-10,0
Idaho,ID,44.2405,-114.4788,2020-03-11,0
Idaho,ID,44.2405,-114.4788,2020-03-12,0
Idaho,ID,44.2405,-114.4788,2020-03-13,1
Idaho,ID,44.2405,-114.4788,2020-03-14,2
Idaho,ID,44.2405,-114.4788,2020-03-15,5
Idaho,ID,44.2405,-114.4788,2020-03-16,5
Idaho,ID,44.2405,-114.4788,2020-03-17,8
Idaho,ID,44.2405,-114.4788,2020-03-18,9
Idaho,ID,44.2405,-114.4788,2020-03-19,11
Idaho,ID,44.2405,-114.4788,2020-03-20,23
Idaho,ID,44.2405,-114.4788,2020-03-21,36
Idaho,ID,44.2405,-114.4788,2020-03-22,42
Idaho,ID,44.2405,-114.4788,2020-03-23,42
Illinois,IL,40.3495,-88.9861,2020-03-01,0
Illinois,IL,40.3495,-88.9861,2020-03-02,0
Illinois,IL,40.3495,-88.9861,2020-03-03,0
Illinois,IL,40.3495,-88.9861,2020-03-04,0
Illinois,IL,40.3495,-88.9861,2020-03-05,0
Illinois,IL,40.3495,-88.9861,2020-03-06,0
Illinois,IL,40.3495,-88.9861,2020-03-07,0
Illinois,IL,40.3495,-88.9861,2020-03-08,0
Illinois,IL,40.3495,-88.9861,2020-03-09,0
Illinois,IL,40.3495,-88.9861,2020-03-10,12
Illinois,IL,40.3495,-88.9861,2020-03-11,25
Illinois,IL,40.3495,-88.9861,2020-03-12,32
Illinois,IL,40.3495,-88.9861,2020-03-13,46
Illinois,IL,40.3495,-88.9861,2020-03-14,64
Illinois,IL,40.3495,-88.9861,2020-03-15,93
Illinois,IL,40.3495,-88.9861,2020-03-16,105
Illinois,IL,40.3495,-88.9861,2020-03-17,161
Illinois,IL,40.3495,-88.9861,2020-03-18,162
Illinois,IL,40.3495,-88.9861,2020-03-19,422
Illinois,IL,40.3495,-88.9861,2020-03-20,585
Illinois,IL,40.3495,-88.9861,2020-03-21,753
Illinois,IL,40.3495,-88.9861,2020-03-22,1049
Illinois,IL,40.3495,-88.9861,2020-03-23,1049
Indiana,IN,39.8494,-86.2583,2020-03-01,0
Indiana,IN,39.8494,-86.2583,2020-03-02,0
Indiana,IN,39.8494,-86.2583,2020-03-03,0
Indiana,IN,39.8494,-86.2583,2020-03-04,0
Indiana,IN,39.8494,-86.2583,2020-03-05,0
Indiana,IN,39.8494,-86.2583,2020-03-06,0
Indiana,IN,39.8494,-86.2583,2020-03-07,0
Indiana,IN,39.8494,-86.2583,2020-03-08,0
Indiana,IN,39.8494,-86.2583,2020-03-09,0
Indiana,IN,39.8494,-86.2583,2020-03-10,6
Indiana,IN,39.8494,-86.2583,2020-03-11,11
Indiana,IN,39.8494,-86.2583,2020-03-12,13
Indiana,IN,39.8494,-86.2583,2020-03-13,13
Indiana,IN,39.8494,-86.2583,2020-03-14,16
Indiana,IN,39.8494,-86.2583,2020-03-15,20
Indiana,IN,39.8494,-86.2583,2020-03-16,25
Indiana,IN,39.8494,-86.2583,2020-03-17,30
Indiana,IN,39.8494,-86.2583,2020-03-18,39
Indiana,IN,39.8494,-86.2583,2020-03-19,60
Indiana,IN,39.8494,-86.2583,2020-03-20,86
Indiana,IN,39.8494,-86.2583,2020-03-21,128
Indiana,IN,39.8494,-86.2583,2020-03-22,201
Indiana,IN,39.8494,-86.2583,2020-03-23,201
Iowa,IA,42.0115,-93.2105,2020-03-01,0
Iowa,IA,42.0115,-93.2105,2020-03-02,0
Iowa,IA,42.0115,-93.2105,2020-03-03,0
Iowa,IA,42.0115,-93.2105,2020-03-04,0
Iowa,IA,42.0115,-93.2105,2020-03-05,0
Iowa,IA,42.0115,-93.2105,2020-03-06,0
Iowa,IA,42.0115,-93.2105,2020-03-07,0
Iowa,IA,42.0115,-93.2105,2020-03-08,0
Iowa,IA,42.0115,-93.2105,2020-03-09,0
Iowa,IA,42.0115,-93.2105,2020-03-10,8
Iowa,IA,42.0115,-93.2105,2020-03-11,13
Iowa,IA,42.0115,-93.2105,2020-03-12,16
Iowa,IA,42.0115,-93.2105,2020-03-13,17
Iowa,IA,42.0115,-93.2105,2020-03-14,17
Iowa,IA,42.0115,-93.2105,2020-03-15,18
Iowa,IA,42.0115,-93.2105,2020-03-16,23
Iowa,IA,42.0115,-93.2105,2020-03-17,23
Iowa,IA,42.0115,-93.2105,2020-03-18,29
Iowa,IA,42.0115,-93.2105,2020-03-19,44
Iowa,IA,42.0115,-93.2105,2020-03-20,45
Iowa,IA,42.0115,-93.2105,2020-03-21,68
Iowa,IA,42.0115,-93.2105,2020-03-22,90
Iowa,IA,42.0115,-93.2105,2020-03-23,90
Kansas,KS,38.5266,-96.7265,2020-03-01,0
Kansas,KS,38.5266,-96.7265,2020-03-02,0
Kansas,KS,38.5266,-96.7265,2020-03-03,0
Kansas,KS,38.5266,-96.7265,2020-03-04,0
Kansas,KS,38.5266,-96.7265,2020-03-05,0
Kansas,KS,38.5266,-96.7265,2020-03-06,0
Kansas,KS,38.5266,-96.7265,2020-03-07,0
Kansas,KS,38.5266,-96.7265,2020-03-08,0
Kansas,KS,38.5266,-96.7265,2020-03-09,0
Kansas,KS,38.5266,-96.7265,2020-03-10,1
Kansas,KS,38.5266,-96.7265,2020-03-11,1
Kansas,KS,38.5266,-96.7265,2020-03-12,1
Kansas,KS,38.5266,-96.7265,2020-03-13,5
Kansas,KS,38.5266,-96.7265,2020-03-14,8
Kansas,KS,38.5266,-96.7265,2020-03-15,8
Kansas,KS,38.5266,-96.7265,2020-03-16,11
Kansas,KS,38.5266,-96.7265,2020-03-17,18
Kansas,KS,38.5266,-96.7265,2020-03-18,18
Kansas,KS,38.5266,-96.7265,2020-03-19,34
Kansas,KS,38.5266,-96.7265,2020-03-20,44
Kansas,KS,38.5266,-96.7265,2020-03-21,57
Kansas,KS,38.5266,-96.7265,2020-03-22,64
Kansas,KS,38.5266,-96.7265,2020-03-23,64
Kentucky,KY,37.6681,-84.6701,2020-03-01,0
Kentucky,KY,37.6681,-84.6701,2020-03-02,0
Kentucky,KY,37.6681,-84.6701,2020-03-03,0
Kentucky,KY,37.6681,-84.6701,2020-03-04,0
Kentucky,KY,37.6681,-84.6701,2020-03-05,0
Kentucky,KY,37.6681,-84.6701,2020-03-06,0
Kentucky,KY,37.6681,-84.6701,2020-03-07,0
Kentucky,KY,37.6681,-84.6701,2020-03-08,0
Kentucky,KY,37.6681,-84.6701,2020-03-09,0
Kentucky,KY,37.6681,-84.6701,2020-03-10,6
Kentucky,KY,37.6681,-84.6701,2020-03-11,8
Kentucky,KY,37.6681,-84.6701,2020-03-12,10
Kentucky,KY,37.6681,-84.6701,2020-03-13,14
Kentucky,KY,37.6681,-84.6701,2020-03-14,14
Kentucky,KY,37.6681,-84.6701,2020-03-15,20
Kentucky,KY,37.6681,-84.6701,2020-03-16,21
Kentucky,KY,37.6681,-84.6701,2020-03-17,26
Kentucky,KY,37.6681,-84.6701,2020-03-18,27
Kentucky,KY,37.6681,-84.6701,2020-03-19,37
Kentucky,KY,37.6681,-84.6701,2020-03-20,47
Kentucky,KY,37.6681,-84.6701,2020-03-21,87
Kentucky,KY,37.6681,-84.6701,2020-03-22,99
Kentucky,KY,37.6681,-84.6701,2020-03-23,99
Louisiana,LA,31.1695,-91.8678,2020-03-01,0
Louisiana,LA,31.1695,-91.8678,2020-03-02,0
Louisiana,LA,31.1695,-91.8678,2020-03-03,0
Louisiana,LA,31.1695,-91.8678,2020-03-04,0
Louisiana,LA,31.1695,-91.8678,2020-03-05,0
Louisiana,LA,31.1695,-91.8678,2020-03-06,0
Louisiana,LA,31.1695,-91.8678,2020-03-07,0
Louisiana,LA,31.1695,-91.8678,2020-03-08,0
Louisiana,LA,31.1695,-91.8678,2020-03-09,0
Louisiana,LA,31.1695,-91.8678,2020-03-10,1
Louisiana,LA,31.1695,-91.8678,2020-03-11,6
Louisiana,LA,31.1695,-91.8678,2020-03-12,19
Louisiana,LA,31.1695,-91.8678,2020-03-13,36
Louisiana,LA,31.1695,-91.8678,2020-03-14,77
Louisiana,LA,31.1695,-91.8678,2020-03-15,91
Louisiana,LA,31.1695,-91.8678,2020-03-16,136
Louisiana,LA,31.1695,-91.8678,2020-03-17,196
Louisiana,LA,31.1695,-91.8678,2020-03-18,257
Louisiana,LA,31.1695,-91.8678,2020-03-19,392
Louisiana,LA,31.1695,-91.8678,2020-03-20,538
Louisiana,LA,31.1695,-91.8678,2020-03-21,585
Louisiana,LA,31.1695,-91.8678,2020-03-22,837
Louisiana,LA,31.1695,-91.8678,2020-03-23,837
Maine,ME,44.6939,-69.3819,2020-03-01,0
Maine,ME,44.6939,-69.3819,2020-03-02,0
Maine,ME,44.6939,-69.3819,2020-03-03,0
Maine,ME,44.6939,-69.3819,2020-03-04,0
Maine,ME,44.6939,-69.3819,2020-03-05,0
Maine,ME,44.6939,-69.3819,2020-03-06,0
Maine,ME,44.6939,-69.3819,2020-03-07,0
Maine,ME,44.6939,-69.3819,2020-03-08,0
Maine,ME,44.6939,-69.3819,2020-03-09,0
Maine,ME,44.6939,-69.3819,2020-03-10,0
Maine,ME,44.6939,-69.3819,2020-03-11,0
Maine,ME,44.6939,-69.3819,2020-03-12,0
Maine,ME,44.6939,-69.3819,2020-03-13,1
Maine,ME,44.6939,-69.3819,2020-03-14,3
Maine,ME,44.6939,-69.3819,2020-03-15,12
Maine,ME,44.6939,-69.3819,2020-03-16,17
Maine,ME,44.6939,-69.3819,2020-03-17,32
Maine,ME,44.6939,-69.3819,2020-03-18,42
Maine,ME,44.6939,-69.3819,2020-03-19,52
Maine,ME,44.6939,-69.3819,2020-03-20,56
Maine,ME,44.6939,-69.3819,2020-03-21,70
Maine,ME,44.6939,-69.3819,2020-03-22,89
Maine,ME,44.6939,-69.3819,2020-03-23,89
Maryland,MD,39.0639,-76.8021,2020-03-01,0
Maryland,MD,39.0639,-76.8021,2020-03-02,0
Maryland,MD,39.0639,-76.8021,2020-03-03,0
Maryland,MD,39.0639,-76.8021,2020-03-04,0
Maryland,MD,39.0639,-76.8021,2020-03-05,0
Maryland,MD,39.0639,-76.8021,2020-03-06,0
Maryland,MD,39.0639,-76.8021,2020-03-07,0
Maryland,MD,39.0639,-76.8021,2020-03-08,0
Maryland,MD,39.0639,-76.8021,2020-03-09,0
Maryland,MD,39.0639,-76.8021,2020-03-10,8
Maryland,MD,39.0639,-76.8021,2020-03-11,9
Maryland,MD,39.0639,-76.8021,2020-03-12,12
Maryland,MD,39.0639,-76.8021,2020-03-13,18
Maryland,MD,39.0639,-76.8021,2020-03-14,26
Maryland,MD,39.0639,-76.8021,2020-03-15,32
Maryland,MD,39.0639,-76.8021,2020-03-16,41
Maryland,MD,39.0639,-76.8021,2020-03-17,60
Maryland,MD,39.0639,-76.8021,2020-03-18,85
Maryland,MD,39.0639,-76.8021,2020-03-19,107
Maryland,MD,39.0639,-76.8021,2020-03-20,149
Maryland,MD,39.0639,-76.8021,2020-03-21,193
Maryland,MD,39.0639,-76.8021,2020-03-22,244
Maryland,MD,39.0639,-76.8021,2020-03-23,244
Massachusetts,MA,42.2302,-71.5301,2020-03-01,0
Massachusetts,MA,42.2302,-71.5301,2020-03-02,0
Massachusetts,MA,42.2302,-71.5301,2020-03-03,0
Massachusetts,MA,42.2302,-71.5301,2020-03-04,0
Massachusetts,MA,42.2302,-71.5301,2020-03-05,0
Massachusetts,MA,42.2302,-71.5301,2020-03-06,0
Massachusetts,MA,42.2302,-71.5301,2020-03-07,0
Massachusetts,MA,42.2302,-71.5301,2020-03-08,0
Massachusetts,MA,42.2302,-71.5301,2020-03-09,0
Massachusetts,MA,42.2302,-71.5301,2020-03-10,92
Massachusetts,MA,42.2302,-71.5301,2020-03-11,95
Massachusetts,MA,42.2302,-71.5301,2020-03-12,108
Massachusetts,MA,42.2302,-71.5301,2020-03-13,123
Massachusetts,MA,42.2302,-71.5301,2020-03-14,138
Massachusetts,MA,42.2302,-71.5301,2020-03-15,164
Massachusetts,MA,42.2302,-71.5301,2020-03-16,197
Massachusetts,MA,42.2302,-71.5301,2020-03-17,218
Massachusetts,MA,42.2302,-71.5301,2020-03-18,218
Massachusetts,MA,42.2302,-71.5301,2020-03-19,328
Massachusetts,MA,42.2302,-71.5301,2020-03-20,413
Massachusetts,MA,42.2302,-71.5301,2020-03-21,525
Massachusetts,MA,42.2302,-71.5301,2020-03-22,646
Massachusetts,MA,42.2302,-71.5301,2020-03-23,646
Michigan,MI,43.3266,-84.5361,2020-03-01,0
Michigan,MI,43.3266,-84.5361,2020-03-02,0
Michigan,MI,43.3266,-84.5361,2020-03-03,0
Michigan,MI,43.3266,-84.5361,2020-03-04,0
Michigan,MI,43.3266,-84.5361,2020-03-05,0
Michigan,MI,43.3266,-84.5361,2020-03-06,0
Michigan,MI,43.3266,-84.5361,2020-03-07,0
Michigan,MI,43.3266,-84.5361,2020-03-08,0
Michigan,MI,43.3266,-84.5361,2020-03-09,0
Michigan,MI,43.3266,-84.5361,2020-03-10,0
Michigan,MI,43.3266,-84.5361,2020-03-11,2
Michigan,MI,43.3266,-84.5361,2020-03-12,2
Michigan,MI,43.3266,-84.5361,2020-03-13,16
Michigan,MI,43.3266,-84.5361,2020-03-14,25
Michigan,MI,43.3266,-84.5361,2020-03-15,33
Michigan,MI,43.3266,-84.5361,2020-03-16,53
Michigan,MI,43.3266,-84.5361,2020-03-17,65
Michigan,MI,43.3266,-84.5361,2020-03-18,83
Michigan,MI,43.3266,-84.5361,2020-03-19,334
Michigan,MI,43.3266,-84.5361,2020-03-20,552
Michigan,MI,43.3266,-84.5361,2020-03-21,788
Michigan,MI,43.3266,-84.5361,2020-03-22,1037
Michigan,MI,43.3266,-84.5361,2020-03-23,1037
Minnesota,MN,45.6945,-93.9002,2020-03-01,0
Minnesota,MN,45.6945,-93.9002,2020-03-02,0
Minnesota,MN,45.6945,-93.9002,2020-03-03,0
Minnesota,MN,45.6945,-93.9002,2020-03-04,0
Minnesota,MN,45.6945,-93.9002,2020-03-05,0
Minnesota,MN,45.6945,-93.9002,2020-03-06,0
Minnesota,MN,45.6945,-93.9002,2020-03-07,0
Minnesota,MN,45.6945,-93.9002,2020-03-08,0
Minnesota,MN,45.6945,-93.9002,2020-03-09,0
Minnesota,MN,45.6945,-93.9002,2020-03-10,3
Minnesota,MN,45.6945,-93.9002,2020-03-11,5
Minnesota,MN,45.6945,-93.9002,2020-03-12,9
Minnesota,MN,45.6945,-93.9002,2020-03-13,14
Minnesota,MN,45.6945,-93.9002,2020-03-14,21
Minnesota,MN,45.6945,-93.9002,2020-03-15,35
Minnesota,MN,45.6945,-93.9002,2020-03-16,54
Minnesota,MN,45.6945,-93.9002,2020-03-17,60
Minnesota,MN,45.6945,-93.9002,2020-03-18,77
Minnesota,MN,45.6945,-93.9002,2020-03-19,89
Minnesota,MN,45.6945,-93.9002,2020-03-20,115
Minnesota,MN,45.6945,-93.9002,2020-03-21,138
Minnesota,MN,45.6945,-93.9002,2020-03-22,169
Minnesota,MN,45.6945,-93.9002,2020-03-23,169
Mississippi,MS,32.7416,-89.6787,2020-03-01,0
Mississippi,MS,32.7416,-89.6787,2020-03-02,0
Mississippi,MS,32.7416,-89.6787,2020-03-03,0
Mississippi,MS,32.7416,-89.6787,2020-03-04,0
Mississippi,MS,32.7416,-89.6787,2020-03-05,0
Mississippi,MS,32.7416,-89.6787,2020-03-06,0
Mississippi,MS,32.7416,-89.6787,2020-03-07,0
Mississippi,MS,32.7416,-89.6787,2020-03-08,0
Mississippi,MS,32.7416,-89.6787,2020-03-09,0
Mississippi,MS,32.7416,-89.6787,2020-03-10,0
Mississippi,MS,32.7416,-89.6787,2020-03-11,0
Mississippi,MS,32.7416,-89.6787,2020-03-12,1
Mississippi,MS,32.7416,-89.6787,2020-03-13,1
Mississippi,MS,32.7416,-89.6787,2020-03-14,6
Mississippi,MS,32.7416,-89.6787,2020-03-15,10
Mississippi,MS,32.7416,-89.6787,2020-03-16,13
Mississippi,MS,32.7416,-89.6787,2020-03-17,21
Mississippi,MS,32.7416,-89.6787,2020-03-18,34
Mississippi,MS,32.7416,-89.6787,2020-03-19,50
Mississippi,MS,32.7416,-89.6787,2020-03-20,80
Mississippi,MS,32.7416,-89.6787,2020-03-21,140
Mississippi,MS,32.7416,-89.6787,2020-03-22,207
Mississippi,MS,32.7416,-89.6787,2020-03-23,207
Missouri,MO,38.4561,-92.2884,2020-03-01,0
Missouri,MO,38.4561,-92.2884,2020-03-02,0
Missouri,MO,38.4561,-92.2884,2020-03-03,0
Missouri,MO,38.4561,-92.2884,2020-03-04,0
Missouri,MO,38.4561,-92.2884,2020-03-05,0
Missouri,MO,38.4561,-92.2884,2020-03-06,0
Missouri,MO,38.4561,-92.2884,2020-03-07,0
Missouri,MO,38.4561,-92.2884,2020-03-08,0
Missouri,MO,38.4561,-92.2884,2020-03-09,0
Missouri,MO,38.4561,-92.2884,2020-03-10,1
Missouri,MO,38.4561,-92.2884,2020-03-11,1
Missouri,MO,38.4561,-92.2884,2020-03-12,1
Missouri,MO,38.4561,-92.2884,2020-03-13,2
Missouri,MO,38.4561,-92.2884,2020-03-14,4
Missouri,MO,38.4561,-92.2884,2020-03-15,5
Missouri,MO,38.4561,-92.2884,2020-03-16,6
Missouri,MO,38.4561,-92.2884,2020-03-17,11
Missouri,MO,38.4561,-92.2884,2020-03-18,18
Missouri,MO,38.4561,-92.2884,2020-03-19,31
Missouri,MO,38.4561,-92.2884,2020-03-20,53
Missouri,MO,38.4561,-92.2884,2020-03-21,74
Missouri,MO,38.4561,-92.2884,2020-03-22,100
Missouri,MO,38.4561,-92.2884,2020-03-23,100
Montana,MT,46.9219,-110.4544,2020-03-01,0
Montana,MT,46.9219,-110.4544,2020-03-02,0
Montana,MT,46.9219,-110.4544,2020-03-03,0
Montana,MT,46.9219,-110.4544,2020-03-04,0
Montana,MT,46.9219,-110.4544,2020-03-05,0
Montana,MT,46.9219,-110.4544,2020-03-06,0
Montana,MT,46.9219,-110.4544,2020-03-07,0
Montana,MT,46.9219,-110.4544,2020-03-08,0
Montana,MT,46.9219,-110.4544,2020-03-09,0
Montana,MT,46.9219,-110.4544,2020-03-10,0
Montana,MT,46.9219,-110.4544,2020-03-11,1
Montana,MT,46.9219,-110.4544,2020-03-12,1
Montana,MT,46.9219,-110.4544,2020-03-13,1
Montana,MT,46.9219,-110.4544,2020-03-14,5
Montana,MT,46.9219,-110.4544,2020-03-15,7
Montana,MT,46.9219,-110.4544,2020-03-16,7
Montana,MT,46.9219,-110.4544,2020-03-17,9
Montana,MT,46.9219,-110.4544,2020-03-18,11
Montana,MT,46.9219,-110.4544,2020-03-19,11
Montana,MT,46.9219,-110.4544,2020-03-20,15
Montana,MT,46.9219,-110.4544,2020-03-21,21
Montana,MT,46.9219,-110.4544,2020-03-22,31
Montana,MT,46.9219,-110.4544,2020-03-23,31
Nebraska,NE,41.1254,-98.2681,2020-03-01,0
Nebraska,NE,41.1254,-98.2681,2020-03-02,0
Nebraska,NE,41.1254,-98.2681,2020-03-03,0
Nebraska,NE,41.1254,-98.2681,2020-03-04,0
Nebraska,NE,41.1254,-98.2681,2020-03-05,0
Nebraska,NE,41.1254,-98.2681,2020-03-06,0
Nebraska,NE,41.1254,-98.2681,2020-03-07,0
Nebraska,NE,41.1254,-98.2681,2020-03-08,0
Nebraska,NE,41.1254,-98.2681,2020-03-09,0
Nebraska,NE,41.1254,-98.2681,2020-03-10,3
Nebraska,NE,41.1254,-98.2681,2020-03-11,5
Nebraska,NE,41.1254,-98.2681,2020-03-12,10
Nebraska,NE,41.1254,-98.2681,2020-03-13,13
Nebraska,NE,41.1254,-98.2681,2020-03-14,14
Nebraska,NE,41.1254,-98.2681,2020-03-15,17
Nebraska,NE,41.1254,-98.2681,2020-03-16,18
Nebraska,NE,41.1254,-98.2681,2020-03-17,21
Nebraska,NE,41.1254,-98.2681,2020-03-18,24
Nebraska,NE,41.1254,-98.2681,2020-03-19,29
Nebraska,NE,41.1254,-98.2681,2020-03-20,37
Nebraska,NE,41.1254,-98.2681,2020-03-21,38
Nebraska,NE,41.1254,-98.2681,2020-03-22,51
Nebraska,NE,41.1254,-98.2681,2020-03-23,51
Nevada,NV,38.3135,-117.0554,2020-03-01,0
Nevada,NV,38.3135,-117.0554,2020-03-02,0
Nevada,NV,38.3135,-117.0554,2020-03-03,0
Nevada,NV,38.3135,-117.0554,2020-03-04,0
Nevada,NV,38.3135,-117.0554,2020-03-05,0
Nevada,NV,38.3135,-117.0554,2020-03-06,0
Nevada,NV,38.3135,-117.0554,2020-03-07,0
Nevada,NV,38.3135,-117.0554,2020-03-08,0
Nevada,NV,38.3135,-117.0554,2020-03-09,0
Nevada,NV,38.3135,-117.0554,2020-03-10,4
Nevada,NV,38.3135,-117.0554,2020-03-11,7
Nevada,NV,38.3135,-117.0554,2020-03-12,14
Nevada,NV,38.3135,-117.0554,2020-03-13,17
Nevada,NV,38.3135,-117.0554,2020-03-14,21
Nevada,NV,38.3135,-117.0554,2020-03-15,24
Nevada,NV,38.3135,-117.0554,2020-03-16,45
Nevada,NV,38.3135,-117.0554,2020-03-17,56
Nevada,NV,38.3135,-117.0554,2020-03-18,55
Nevada,NV,38.3135,-117.0554,2020-03-19,95
Nevada,NV,38.3135,-117.0554,2020-03-20,114
Nevada,NV,38.3135,-117.0554,2020-03-21,161
Nevada,NV,38.3135,-117.0554,2020-03-22,190
Nevada,NV,38.3135,-117.0554,2020-03-23,190
New Hampshire,NH,43.4525,-71.5639,2020-03-01,0
New Hampshire,NH,43.4525,-71.5639,2020-03-02,0
New Hampshire,NH,43.4525,-71.5639,2020-03-03,0
New Hampshire,NH,43.4525,-71.5639,2020-03-04,0
New Hampshire,NH,43.4525,-71.5639,2020-03-05,0
New Hampshire,NH,43.4525,-71.5639,2020-03-06,0
New Hampshire,NH,43.4525,-71.5639,2020-03-07,0
New Hampshire,NH,43.4525,-71.5639,2020-03-08,0
New Hampshire,NH,43.4525,-71.5639,2020-03-09,0
New Hampshire,NH,43.4525,-71.5639,2020-03-10,4
New Hampshire,NH,43.4525,-71.5639,2020-03-11,5
New Hampshire,NH,43.4525,-71.5639,2020-03-12,6
New Hampshire,NH,43.4525,-71.5639,2020-03-13,6
New Hampshire,NH,43.4525,-71.5639,2020-03-14,7
New Hampshire,NH,43.4525,-71.5639,2020-03-15,13
New Hampshire,NH,43.4525,-71.5639,2020-03-16,17
New Hampshire,NH,43.4525,-71.5639,2020-03-17,26
New Hampshire,NH,43.4525,-71.5639,2020-03-18,26
New Hampshire,NH,43.4525,-71.5639,2020-03-19,44
New Hampshire,NH,43.4525,-71.5639,2020-03-20,44
New Hampshire,NH,43.4525,-71.5639,2020-03-21,55
New Hampshire,NH,43.4525,-71.5639,2020-03-22,65
New Hampshire,NH,43.4525,-71.5639,2020-03-23,65
New Jersey,NJ,40.2989,-74.521,2020-03-01,0
New Jersey,NJ,40.2989,-74.521,2020-03-02,0
New Jersey,NJ,40.2989,-74.521,2020-03-03,0
New Jersey,NJ,40.2989,-74.521,2020-03-04,0
New Jersey,NJ,40.2989,-74.521,2020-03-05,0
New Jersey,NJ,40.2989,-74.521,2020-03-06,0
New Jersey,NJ,40.2989,-74.521,2020-03-07,0
New Jersey,NJ,40.2989,-74.521,2020-03-08,0
New Jersey,NJ,40.2989,-74.521,2020-03-09,0
New Jersey,NJ,40.2989,-74.521,2020-03-10,15
New Jersey,NJ,40.2989,-74.521,2020-03-11,23
New Jersey,NJ,40.2989,-74.521,2020-03-12,29
New Jersey,NJ,40.2989,-74.521,2020-03-13,29
New Jersey,NJ,40.2989,-74.521,2020-03-14,69
New Jersey,NJ,40.2989,-74.521,2020-03-15,98
New Jersey,NJ,40.2989,-74.521,2020-03-16,178
New Jersey,NJ,40.2989,-74.521,2020-03-17,267
New Jersey,NJ,40.2989,-74.521,2020-03-18,267
New Jersey,NJ,40.2989,-74.521,2020-03-19,742
New Jersey,NJ,40.2989,-74.521,2020-03-20,890
New Jersey,NJ,40.2989,-74.521,2020-03-21,1327
New Jersey,NJ,40.2989,-74.521,2020-03-22,1914
New Jersey,NJ,40.2989,-74.521,2020-03-23,1914
New Mexico,NM,34.8405,-106.2485,2020-03-01,0
New Mexico,NM,34.8405,-106.2485,2020-03-02,0
New Mexico,NM,34.8405,-106.2485,2020-03-03,0
New Mexico,NM,34.8405,-106.2485,2020-03-04,0
New Mexico,NM,34.8405,-106.2485,2020-03-05,0
New Mexico,NM,34.8405,-106.2485,2020-03-06,0
New Mexico,NM,34.8405,-106.2485,2020-03-07,0
New Mexico,NM,34.8405,-106.2485,2020-03-08,0
New Mexico,NM,34.8405,-106.2485,2020-03-09,0
New Mexico,NM,34.8405,-106.2485,2020-03-10,0
New Mexico,NM,34.8405,-106.2485,2020-03-11,3
New Mexico,NM,34.8405,-106.2485,2020-03-12,5
New Mexico,NM,34.8405,-106.2485,2020-03-13,10
New Mexico,NM,34.8405,-106.2485,2020-03-14,10
New Mexico,NM,34.8405,-106.2485,2020-03-15,13
New Mexico,NM,34.8405,-106.2485,2020-03-16,17
New Mexico,NM,34.8405,-106.2485,2020-03-17,23
New Mexico,NM,34.8405,-106.2485,2020-03-18,23
New Mexico,NM,34.8405,-106.2485,2020-03-19,35
New Mexico,NM,34.8405,-106.2485,2020-03-20,43
New Mexico,NM,34.8405,-106.2485,2020-03-21,43
New Mexico,NM,34.8405,-106.2485,2020-03-22,57
New Mexico,NM,34.8405,-106.2485,2020-03-23,57
New York,NY,42.1657,-74.9481,2020-03-01,0
New York,NY,42.1657,-74.9481,2020-03-02,0
New York,NY,42.1657,-74.9481,2020-03-03,0
New York,NY,42.1657,-74.9481,2020-03-04,0
New York,NY,42.1657,-74.9481,2020-03-05,0
New York,NY,42.1657,-74.9481,2020-03-06,0
New York,NY,42.1657,-74.9481,2020-03-07,0
New York,NY,42.1657,-74.9481,2020-03-08,0
New York,NY,42.1657,-74.9481,2020-03-09,0
New York,NY,42.1657,-74.9481,2020-03-10,173
New York,NY,42.1657,-74.9481,2020-03-11,220
New York,NY,42.1657,-74.9481,2020-03-12,328
New York,NY,42.1657,-74.9481,2020-03-13,421
New York,NY,42.1657,-74.9481,2020-03-14,525
New York,NY,42.1657,-74.9481,2020-03-15,732
New York,NY,42.1657,-74.9481,2020-03-16,967
New York,NY,42.1657,-74.9481,2020-03-17,1706
New York,NY,42.1657,-74.9481,2020-03-18,2495
New York,NY,42.1657,-74.9481,2020-03-19,5365
New York,NY,42.1657,-74.9481,2020-03-20,8310
New York,NY,42.1657,-74.9481,2020-03-21,11710
New York,NY,42.1657,-74.9481,2020-03-22,15793
New York,NY,42.1657,-74.9481,2020-03-23,15793
North Carolina,NC,35.6301,-79.8064,2020-03-01,0
North Carolina,NC,35.6301,-79.8064,2020-03-02,0
North Carolina,NC,35.6301,-79.8064,2020-03-03,0
North Carolina,NC,35.6301,-79.8064,2020-03-04,0
North Carolina,NC,35.6301,-79.8064,2020-03-05,0
North Carolina,NC,35.6301,-79.8064,2020-03-06,0
North Carolina,NC,35.6301,-79.8064,2020-03-07,0
North Carolina,NC,35.6301,-79.8064,2020-03-08,0
North Carolina,NC,35.6301,-79.8064,2020-03-09,0
North Carolina,NC,35.6301,-79.8064,2020-03-10,7
North Carolina,NC,35.6301,-79.8064,2020-03-11,7
North Carolina,NC,35.6301,-79.8064,2020-03-12,15
North Carolina,NC,35.6301,-79.8064,2020-03-13,17
North Carolina,NC,35.6301,-79.8064,2020-03-14,24
North Carolina,NC,35.6301,-79.8064,2020-03-15,33
North Carolina,NC,35.6301,-79.8064,2020-03-16,38
North Carolina,NC,35.6301,-79.8064,2020-03-17,64
North Carolina,NC,35.6301,-79.8064,2020-03-18,70
North Carolina,NC,35.6301,-79.8064,2020-03-19,123
North Carolina,NC,35.6301,-79.8064,2020-03-20,172
North Carolina,NC,35.6301,-79.8064,2020-03-21,253
North Carolina,NC,35.6301,-79.8064,2020-03-22,302
North Carolina,NC,35.6301,-79.8064,2020-03-23,302
North Dakota,ND,47.5289,-99.784,2020-03-01,0
North Dakota,ND,47.5289,-99.784,2020-03-02,0
North Dakota,ND,47.5289,-99.784,2020-03-03,0
North Dakota,ND,47.5289,-99.784,2020-03-04,0
North Dakota,ND,47.5289,-99.784,2020-03-05,0
North Dakota,ND,47.5289,-99.784,2020-03-06,0
North Dakota,ND,47.5289,-99.784,2020-03-07,0
North Dakota,ND,47.5289,-99.784,2020-03-08,0
North Dakota,ND,47.5289,-99.784,2020-03-09,0
North Dakota,ND,47.5289,-99.784,2020-03-10,0
North Dakota,ND,47.5289,-99.784,2020-03-11,0
North Dakota,ND,47.5289,-99.784,2020-03-12,1
North Dakota,ND,47.5289,-99.784,2020-03-13,1
North Dakota,ND,47.5289,-99.784,2020-03-14,1
North Dakota,ND,47.5289,-99.784,2020-03-15,1
North Dakota,ND,47.5289,-99.784,2020-03-16,1
North Dakota,ND,47.5289,-99.784,2020-03-17,3
North Dakota,ND,47.5289,-99.784,2020-03-18,6
North Dakota,ND,47.5289,-99.784,2020-03-19,18
North Dakota,ND,47.5289,-99.784,2020-03-20,19
North Dakota,ND,47.5289,-99.784,2020-03-21,28
North Dakota,ND,47.5289,-99.784,2020-03-22,28
North Dakota,ND,47.5289,-99.784,2020-03-23,28
Ohio,OH,40.3888,-82.7649,2020-03-01,0
Ohio,OH,40.3888,-82.7649,2020-03-02,0
Ohio,OH,40.3888,-82.7649,2020-03-03,0
Ohio,OH,40.3888,-82.7649,2020-03-04,0
Ohio,OH,40.3888,-82.7649,2020-03-05,0
Ohio,OH,40.3888,-82.7649,2020-03-06,0
Ohio,OH,40.3888,-82.7649,2020-03-07,0
Ohio,OH,40.3888,-82.7649,2020-03-08,0
Ohio,OH,40.3888,-82.7649,2020-03-09,0
Ohio,OH,40.3888,-82.7649,2020-03-10,3
Ohio,OH,40.3888,-82.7649,2020-03-11,4
Ohio,OH,40.3888,-82.7649,2020-03-12,5
Ohio,OH,40.3888,-82.7649,2020-03-13,13
Ohio,OH,40.3888,-82.7649,2020-03-14,26
Ohio,OH,40.3888,-82.7649,2020-03-15,37
Ohio,OH,40.3888,-82.7649,2020-03-16,50
Ohio,OH,40.3888,-82.7649,2020-03-17,67
Ohio,OH,40.3888,-82.7649,2020-03-18,86
Ohio,OH,40.3888,-82.7649,2020-03-19,119
Ohio,OH,40.3888,-82.7649,2020-03-20,173
Ohio,OH,40.3888,-82.7649,2020-03-21,248
Ohio,OH,40.3888,-82.7649,2020-03-22,355
Ohio,OH,40.3888,-82.7649,2020-03-23,355
Oklahoma,OK,35.5653,-96.9289,2020-03-01,0
Oklahoma,OK,35.5653,-96.9289,2020-03-02,0
Oklahoma,OK,35.5653,-96.9289,2020-03-03,0
Oklahoma,OK,35.5653,-96.9289,2020-03-04,0
Oklahoma,OK,35.5653,-96.9289,2020-03-05,0
Oklahoma,OK,35.5653,-96.9289,2020-03-06,0
Oklahoma,OK,35.5653,-96.9289,2020-03-07,0
Oklahoma,OK,35.5653,-96.9289,2020-03-08,0
Oklahoma,OK,35.5653,-96.9289,2020-03-09,0
Oklahoma,OK,35.5653,-96.9289,2020-03-10,2
Oklahoma,OK,35.5653,-96.9289,2020-03-11,2
Oklahoma,OK,35.5653,-96.9289,2020-03-12,2
Oklahoma,OK,35.5653,-96.9289,2020-03-13,2
Oklahoma,OK,35.5653,-96.9289,2020-03-14,4
Oklahoma,OK,35.5653,-96.9289,2020-03-15,7
Oklahoma,OK,35.5653,-96.9289,2020-03-16,10
Oklahoma,OK,35.5653,-96.9289,2020-03-17,19
Oklahoma,OK,35.5653,-96.9289,2020-03-18,19
Oklahoma,OK,35.5653,-96.9289,2020-03-19,44
Oklahoma,OK,35.5653,-96.9289,2020-03-20,49
Oklahoma,OK,35.5653,-96.9289,2020-03-21,53
Oklahoma,OK,35.5653,-96.9289,2020-03-22,67
Oklahoma,OK,35.5653,-96.9289,2020-03-23,67
Oregon,OR,44.572,-122.0709,2020-03-01,0
Oregon,OR,44.572,-122.0709,2020-03-02,0
Oregon,OR,44.572,-122.0709,2020-03-03,0
Oregon,OR,44.572,-122.0709,2020-03-04,0
Oregon,OR,44.572,-122.0709,2020-03-05,0
Oregon,OR,44.572,-122.0709,2020-03-06,0
Oregon,OR,44.572,-122.0709,2020-03-07,0
Oregon,OR,44.572,-122.0709,2020-03-08,0
Oregon,OR,44.572,-122.0709,2020-03-09,0
Oregon,OR,44.572,-122.0709,2020-03-10,15
Oregon,OR,44.572,-122.0709,2020-03-11,19
Oregon,OR,44.572,-122.0709,2020-03-12,24
Oregon,OR,44.572,-122.0709,2020-03-13,30
Oregon,OR,44.572,-122.0709,2020-03-14,32
Oregon,OR,44.572,-122.0709,2020-03-15,36
Oregon,OR,44.572,-122.0709,2020-03-16,39
Oregon,OR,44.572,-122.0709,2020-03-17,66
Oregon,OR,44.572,-122.0709,2020-03-18,68
Oregon,OR,44.572,-122.0709,2020-03-19,88
Oregon,OR,44.572,-122.0709,2020-03-20,114
Oregon,OR,44.572,-122.0709,2020-03-21,114
Oregon,OR,44.572,-122.0709,2020-03-22,161
Oregon,OR,44.572,-122.0709,2020-03-23,161
Pennsylvania,PA,40.5908,-77.2098,2020-03-01,0
Pennsylvania,PA,40.5908,-77.2098,2020-03-02,0
Pennsylvania,PA,40.5908,-77.2098,2020-03-03,0
Pennsylvania,PA,40.5908,-77.2098,2020-03-04,0
Pennsylvania,PA,40.5908,-77.2098,2020-03-05,0
Pennsylvania,PA,40.5908,-77.2098,2020-03-06,0
Pennsylvania,PA,40.5908,-77.2098,2020-03-07,0
Pennsylvania,PA,40.5908,-77.2098,2020-03-08,0
Pennsylvania,PA,40.5908,-77.2098,2020-03-09,0
Pennsylvania,PA,40.5908,-77.2098,2020-03-10,12
Pennsylvania,PA,40.5908,-77.2098,2020-03-11,16
Pennsylvania,PA,40.5908,-77.2098,2020-03-12,22
Pennsylvania,PA,40.5908,-77.2098,2020-03-13,41
Pennsylvania,PA,40.5908,-77.2098,2020-03-14,47
Pennsylvania,PA,40.5908,-77.2098,2020-03-15,66
Pennsylvania,PA,40.5908,-77.2098,2020-03-16,77
Pennsylvania,PA,40.5908,-77.2098,2020-03-17,112
Pennsylvania,PA,40.5908,-77.2098,2020-03-18,152
Pennsylvania,PA,40.5908,-77.2098,2020-03-19,206
Pennsylvania,PA,40.5908,-77.2098,2020-03-20,303
Pennsylvania,PA,40.5908,-77.2098,2020-03-21,396
Pennsylvania,PA,40.5908,-77.2098,2020-03-22,509
Pennsylvania,PA,40.5908,-77.2098,2020-03-23,509
Rhode Island,RI,41.6809,-71.5118,2020-03-01,0
Rhode Island,RI,41.6809,-71.5118,2020-03-02,0
Rhode Island,RI,41.6809,-71.5118,2020-03-03,0
Rhode Island,RI,41.6809,-71.5118,2020-03-04,0
Rhode Island,RI,41.6809,-71.5118,2020-03-05,0
Rhode Island,RI,41.6809,-71.5118,2020-03-06,0
Rhode Island,RI,41.6809,-71.5118,2020-03-07,0
Rhode Island,RI,41.6809,-71.5118,2020-03-08,0
Rhode Island,RI,41.6809,-71.5118,2020-03-09,0
Rhode Island,RI,41.6809,-71.5118,2020-03-10,3
Rhode Island,RI,41.6809,-71.5118,2020-03-11,5
Rhode Island,RI,41.6809,-71.5118,2020-03-12,5
Rhode Island,RI,41.6809,-71.5118,2020-03-13,14
Rhode Island,RI,41.6809,-71.5118,2020-03-14,20
Rhode Island,RI,41.6809,-71.5118,2020-03-15,20
Rhode Island,RI,41.6809,-71.5118,2020-03-16,21
Rhode Island,RI,41.6809,-71.5118,2020-03-17,23
Rhode Island,RI,41.6809,-71.5118,2020-03-18,33
Rhode Island,RI,41.6809,-71.5118,2020-03-19,44
Rhode Island,RI,41.6809,-71.5118,2020-03-20,54
Rhode Island,RI,41.6809,-71.5118,2020-03-21,66
Rhode Island,RI,41.6809,-71.5118,2020-03-22,83
Rhode Island,RI,41.6809,-71.5118,2020-03-23,83
South Carolina,SC,33.8569,-80.945,2020-03-01,0
South Carolina,SC,33.8569,-80.945,2020-03-02,0
South Carolina,SC,33.8569,-80.945,2020-03-03,0
South Carolina,SC,33.8569,-80.945,2020-03-04,0
South Carolina,SC,33.8569,-80.945,2020-03-05,0
South Carolina,SC,33.8569,-80.945,2020-03-06,0
South Carolina,SC,33.8569,-80.945,2020-03-07,0
South Carolina,SC,33.8569,-80.945,2020-03-08,0
South Carolina,SC,33.8569,-80.945,2020-03-09,0
South Carolina,SC,33.8569,-80.945,2020-03-10,7
South Carolina,SC,33.8569,-80.945,2020-03-11,10
South Carolina,SC,33.8569,-80.945,2020-03-12,12
South Carolina,SC,33.8569,-80.945,2020-03-13,13
South Carolina,SC,33.8569,-80.945,2020-03-14,19
South Carolina,SC,33.8569,-80.945,2020-03-15,28
South Carolina,SC,33.8569,-80.945,2020-03-16,33
South Carolina,SC,33.8569,-80.945,2020-03-17,47
South Carolina,SC,33.8569,-80.945,2020-03-18,47
South Carolina,SC,33.8569,-80.945,2020-03-19,81
South Carolina,SC,33.8569,-80.945,2020-03-20,126
South Carolina,SC,33.8569,-80.945,2020-03-21,171
South Carolina,SC,33.8569,-80.945,2020-03-22,196
South Carolina,SC,33.8569,-80.945,2020-03-23,196
South Dakota,SD,44.2998,-99.4388,2020-03-01,0
South Dakota,SD,44.2998,-99.4388,2020-03-02,0
South Dakota,SD,44.2998,-99.4388,2020-03-03,0
South Dakota,SD,44.2998,-99.4388,2020-03-04,0
South Dakota,SD,44.2998,-99.4388,2020-03-05,0
South Dakota,SD,44.2998,-99.4388,2020-03-06,0
South Dakota,SD,44.2998,-99.4388,2020-03-07,0
South Dakota,SD,44.2998,-99.4388,2020-03-08,0
South Dakota,SD,44.2998,-99.4388,2020-03-09,0
South Dakota,SD,44.2998,-99.4388,2020-03-10,0
South Dakota,SD,44.2998,-99.4388,2020-03-11,8
South Dakota,SD,44.2998,-99.4388,2020-03-12,8
South Dakota,SD,44.2998,-99.4388,2020-03-13,8
South Dakota,SD,44.2998,-99.4388,2020-03-14,9
South Dakota,SD,44.2998,-99.4388,2020-03-15,9
South Dakota,SD,44.2998,-99.4388,2020-03-16,10
South Dakota,SD,44.2998,-99.4388,2020-03-17,11
South Dakota,SD,44.2998,-99.4388,2020-03-18,11
South Dakota,SD,44.2998,-99.4388,2020-03-19,11
South Dakota,SD,44.2998,-99.4388,2020-03-20,14
South Dakota,SD,44.2998,-99.4388,2020-03-21,14
South Dakota,SD,44.2998,-99.4388,2020-03-22,21
South Dakota,SD,44.2998,-99.4388,2020-03-23,21
Tennessee,TN,35.7478,-86.6923,2020-03-01,0
Tennessee,TN,35.7478,-86.6923,2020-03-02,0
Tennessee,TN,35.7478,-86.6923,2020-03-03,0
Tennessee,TN,35.7478,-86.6923,2020-03-04,0
Tennessee,TN,35.7478,-86.6923,2020-03-05,0
Tennessee,TN,35.7478,-86.6923,2020-03-06,0
Tennessee,TN,35.7478,-86.6923,2020-03-07,0
Tennessee,TN,35.7478,-86.6923,2020-03-08,0
Tennessee,TN,35.7478,-86.6923,2020-03-09,0
Tennessee,TN,35.7478,-86.6923,2020-03-10,7
Tennessee,TN,35.7478,-86.6923,2020-03-11,9
Tennessee,TN,35.7478,-86.6923,2020-03-12,18
Tennessee,TN,35.7478,-86.6923,2020-03-13,26
Tennessee,TN,35.7478,-86.6923,2020-03-14,32
Tennessee,TN,35.7478,-86.6923,2020-03-15,39
Tennessee,TN,35.7478,-86.6923,2020-03-16,52
Tennessee,TN,35.7478,-86.6923,2020-03-17,74
Tennessee,TN,35.7478,-86.6923,2020-03-18,79
Tennessee,TN,35.7478,-86.6923,2020-03-19,154
Tennessee,TN,35.7478,-86.6923,2020-03-20,233
Tennessee,TN,35.7478,-86.6923,2020-03-21,371
Tennessee,TN,35.7478,-86.6923,2020-03-22,505
Tennessee,TN,35.7478,-86.6923,2020-03-23,505
Texas,TX,31.0545,-97.5635,2020-03-01,0
Texas,TX,31.0545,-97.5635,2020-03-02,0
Texas,TX,31.0545,-97.5635,2020-03-03,0
Texas,TX,31.0545,-97.5635,2020-03-04,0
Texas,TX,31.0545,-97.5635,2020-03-05,0
Texas,TX,31.0545,-97.5635,2020-03-06,0
Texas,TX,31.0545,-97.5635,2020-03-07,0
Texas,TX,31.0545,-97.5635,2020-03-08,0
Texas,TX,31.0545,-97.5635,2020-03-09,0
Texas,TX,31.0545,-97.5635,2020-03-10,13
Texas,TX,31.0545,-97.5635,2020-03-11,21
Texas,TX,31.0545,-97.5635,2020-03-12,27
Texas,TX,31.0545,-97.5635,2020-03-13,43
Texas,TX,31.0545,-97.5635,2020-03-14,57
Texas,TX,31.0545,-97.5635,2020-03-15,72
Texas,TX,31.0545,-97.5635,2020-03-16,85
Texas,TX,31.0545,-97.5635,2020-03-17,110
Texas,TX,31.0545,-97.5635,2020-03-18,173
Texas,TX,31.0545,-97.5635,2020-03-19,260
Texas,TX,31.0545,-97.5635,2020-03-20,394
Texas,TX,31.0545,-97.5635,2020-03-21,581
Texas,TX,31.0545,-97.5635,2020-03-22,627
Texas,TX,31.0545,-97.5635,2020-03-23,627
Utah,UT,40.15,-111.8624,2020-03-01,0
Utah,UT,40.15,-111.8624,2020-03-02,0
Utah,UT,40.15,-111.8624,2020-03-03,0
Utah,UT,40.15,-111.8624,2020-03-04,0
Utah,UT,40.15,-111.8624,2020-03-05,0
Utah,UT,40.15,-111.8624,2020-03-06,0
Utah,UT,40.15,-111.8624,2020-03-07,0
Utah,UT,40.15,-111.8624,2020-03-08,0
Utah,UT,40.15,-111.8624,2020-03-09,0
Utah,UT,40.15,-111.8624,2020-03-10,2
Utah,UT,40.15,-111.8624,2020-03-11,3
Utah,UT,40.15,-111.8624,2020-03-12,5
Utah,UT,40.15,-111.8624,2020-03-13,9
Utah,UT,40.15,-111.8624,2020-03-14,10
Utah,UT,40.15,-111.8624,2020-03-15,28
Utah,UT,40.15,-111.8624,2020-03-16,39
Utah,UT,40.15,-111.8624,2020-03-17,51
Utah,UT,40.15,-111.8624,2020-03-18,51
Utah,UT,40.15,-111.8624,2020-03-19,80
Utah,UT,40.15,-111.8624,2020-03-20,78
Utah,UT,40.15,-111.8624,2020-03-21,136
Utah,UT,40.15,-111.8624,2020-03-22,181
Utah,UT,40.15,-111.8624,2020-03-23,181
Vermont,VT,44.0459,-72.7107,2020-03-01,0
Vermont,VT,44.0459,-72.7107,2020-03-02,0
Vermont,VT,44.0459,-72.7107,2020-03-03,0
Vermont,VT,44.0459,-72.7107,2020-03-04,0
Vermont,VT,44.0459,-72.7107,2020-03-05,0
Vermont,VT,44.0459,-72.7107,2020-03-06,0
Vermont,VT,44.0459,-72.7107,2020-03-07,0
Vermont,VT,44.0459,-72.7107,2020-03-08,0
Vermont,VT,44.0459,-72.7107,2020-03-09,0
Vermont,VT,44.0459,-72.7107,2020-03-10,1
Vermont,VT,44.0459,-72.7107,2020-03-11,1
Vermont,VT,44.0459,-72.7107,2020-03-12,2
Vermont,VT,44.0459,-72.7107,2020-03-13,2
Vermont,VT,44.0459,-72.7107,2020-03-14,5
Vermont,VT,44.0459,-72.7107,2020-03-15,8
Vermont,VT,44.0459,-72.7107,2020-03-16,12
Vermont,VT,44.0459,-72.7107,2020-03-17,12
Vermont,VT,44.0459,-72.7107,2020-03-18,18
Vermont,VT,44.0459,-72.7107,2020-03-19,22
Vermont,VT,44.0459,-72.7107,2020-03-20,29
Vermont,VT,44.0459,-72.7107,2020-03-21,29
Vermont,VT,44.0459,-72.7107,2020-03-22,52
Vermont,VT,44.0459,-72.7107,2020-03-23,52
Virginia,VA,37.7693,-78.17,2020-03-01,0
Virginia,VA,37.7693,-78.17,2020-03-02,0
Virginia,VA,37.7693,-78.17,2020-03-03,0
Virginia,VA,37.7693,-78.17,2020-03-04,0
Virginia,VA,37.7693,-78.17,2020-03-05,0
Virginia,VA,37.7693,-78.17,2020-03-06,0
Virginia,VA,37.7693,-78.17,2020-03-07,0
Virginia,VA,37.7693,-78.17,2020-03-08,0
Virginia,VA,37.7693,-78.17,2020-03-09,0
Virginia,VA,37.7693,-78.17,2020-03-10,7
Virginia,VA,37.7693,-78.17,2020-03-11,9
Virginia,VA,37.7693,-78.17,2020-03-12,17
Virginia,VA,37.7693,-78.17,2020-03-13,30
Virginia,VA,37.7693,-78.17,2020-03-14,41
Virginia,VA,37.7693,-78.17,2020-03-15,45
Virginia,VA,37.7693,-78.17,2020-03-16,49
Virginia,VA,37.7693,-78.17,2020-03-17,67
Virginia,VA,37.7693,-78.17,2020-03-18,77
Virginia,VA,37.7693,-78.17,2020-03-19,99
Virginia,VA,37.7693,-78.17,2020-03-20,122
Virginia,VA,37.7693,-78.17,2020-03-21,156
Virginia,VA,37.7693,-78.17,2020-03-22,221
Virginia,VA,37.7693,-78.17,2020-03-23,221
Washington,WA,47.4009,-121.4905,2020-03-01,0
Washington,WA,47.4009,-121.4905,2020-03-02,0
Washington,WA,47.4009,-121.4905,2020-03-03,0
Washington,WA,47.4009,-121.4905,2020-03-04,0
Washington,WA,47.4009,-121.4905,2020-03-05,0
Washington,WA,47.4009,-121.4905,2020-03-06,0
Washington,WA,47.4009,-121.4905,2020-03-07,0
Washington,WA,47.4009,-121.4905,2020-03-08,0
Washington,WA,47.4009,-121.4905,2020-03-09,0
Washington,WA,47.4009,-121.4905,2020-03-10,267
Washington,WA,47.4009,-121.4905,2020-03-11,366
Washington,WA,47.4009,-121.4905,2020-03-12,442
Washington,WA,47.4009,-121.4905,2020-03-13,568
Washington,WA,47.4009,-121.4905,2020-03-14,572
Washington,WA,47.4009,-121.4905,2020-03-15,643
Washington,WA,47.4009,-121.4905,2020-03-16,904
Washington,WA,47.4009,-121.4905,2020-03-17,1076
Washington,WA,47.4009,-121.4905,2020-03-18,1014
Washington,WA,47.4009,-121.4905,2020-03-19,1376
Washington,WA,47.4009,-121.4905,2020-03-20,1524
Washington,WA,47.4009,-121.4905,2020-03-21,1793
Washington,WA,47.4009,-121.4905,2020-03-22,1996
Washington,WA,47.4009,-121.4905,2020-03-23,1996
West Virginia,WV,38.4912,-80.9545,2020-03-01,0
West Virginia,WV,38.4912,-80.9545,2020-03-02,0
West Virginia,WV,38.4912,-80.9545,2020-03-03,0
West Virginia,WV,38.4912,-80.9545,2020-03-04,0
West Virginia,WV,38.4912,-80.9545,2020-03-05,0
West Virginia,WV,38.4912,-80.9545,2020-03-06,0
West Virginia,WV,38.4912,-80.9545,2020-03-07,0
West Virginia,WV,38.4912,-80.9545,2020-03-08,0
West Virginia,WV,38.4912,-80.9545,2020-03-09,0
West Virginia,WV,38.4912,-80.9545,2020-03-10,0
West Virginia,WV,38.4912,-80.9545,2020-03-11,0
West Virginia,WV,38.4912,-80.9545,2020-03-12,0
West Virginia,WV,38.4912,-80.9545,2020-03-13,0
West Virginia,WV,38.4912,-80.9545,2020-03-14,0
West Virginia,WV,38.4912,-80.9545,2020-03-15,0
West Virginia,WV,38.4912,-80.9545,2020-03-16,0
West Virginia,WV,38.4912,-80.9545,2020-03-17,1
West Virginia,WV,38.4912,-80.9545,2020-03-18,1
West Virginia,WV,38.4912,-80.9545,2020-03-19,2
West Virginia,WV,38.4912,-80.9545,2020-03-20,7
West Virginia,WV,38.4912,-80.9545,2020-03-21,8
West Virginia,WV,38.4912,-80.9545,2020-03-22,12
West Virginia,WV,38.4912,-80.9545,2020-03-23,12
Wisconsin,WI,44.2685,-89.6165,2020-03-01,0
Wisconsin,WI,44.2685,-89.6165,2020-03-02,0
Wisconsin,WI,44.2685,-89.6165,2020-03-03,0
Wisconsin,WI,44.2685,-89.6165,2020-03-04,0
Wisconsin,WI,44.2685,-89.6165,2020-03-05,0
Wisconsin,WI,44.2685,-89.6165,2020-03-06,0
Wisconsin,WI,44.2685,-89.6165,2020-03-07,0
Wisconsin,WI,44.2685,-89.6165,2020-03-08,0
Wisconsin,WI,44.2685,-89.6165,2020-03-09,0
Wisconsin,WI,44.2685,-89.6165,2020-03-10,3
Wisconsin,WI,44.2685,-89.6165,2020-03-11,6
Wisconsin,WI,44.2685,-89.6165,2020-03-12,8
Wisconsin,WI,44.2685,-89.6165,2020-03-13,19
Wisconsin,WI,44.2685,-89.6165,2020-03-14,27
Wisconsin,WI,44.2685,-89.6165,2020-03-15,32
Wisconsin,WI,44.2685,-89.6165,2020-03-16,47
Wisconsin,WI,44.2685,-89.6165,2020-03-17,72
Wisconsin,WI,44.2685,-89.6165,2020-03-18,92
Wisconsin,WI,44.2685,-89.6165,2020-03-19,159
Wisconsin,WI,44.2685,-89.6165,2020-03-20,207
Wisconsin,WI,44.2685,-89.6165,2020-03-21,282
Wisconsin,WI,44.2685,-89.6165,2020-03-22,381
Wisconsin,WI,44.2685,-89.6165,2020-03-23,381
Wyoming,WY,42.756,-107.3025,2020-03-01,0
Wyoming,WY,42.756,-107.3025,2020-03-02,0
Wyoming,WY,42.756,-107.3025,2020-03-03,0
Wyoming,WY,42.756,-107.3025,2020-03-04,0
Wyoming,WY,42.756,-107.3025,2020-03-05,0
Wyoming,WY,42.756,-107.3025,2020-03-06,0
Wyoming,WY,42.756,-107.3025,2020-03-07,0
Wyoming,WY,42.756,-107.3025,2020-03-08,0
Wyoming,WY,42.756,-107.3025,2020-03-09,0
Wyoming,WY,42.756,-107.3025,2020-03-10,0
Wyoming,WY,42.756,-107.3025,2020-03-11,0
Wyoming,WY,42.756,-107.3025,2020-03-12,1
Wyoming,WY,42.756,-107.3025,2020-03-13,1
Wyoming,WY,42.756,-107.3025,2020-03-14,2
Wyoming,WY,42.756,-107.3025,2020-03-15,3
Wyoming,WY,42.756,-107.3025,2020-03-16,3
Wyoming,WY,42.756,-107.3025,2020-03-17,11
Wyoming,WY,42.756,-107.3025,2020-03-18,15
Wyoming,WY,42.756,-107.3025,2020-03-19,18
Wyoming,WY,42.756,-107.3025,2020-03-20,19
Wyoming,WY,42.756,-107.3025,2020-03-21,23
Wyoming,WY,42.756,-107.3025,2020-03-22,24
Wyoming,WY,42.756,-107.3025,2020-03-23,24